Symbol,Security,GICS_Sector,GICS_Sub_Industry,Headquarters_Location,Date_first_added,CIK,Founded
A,Agilent Technologies Inc,Health Care,Health Care Equipment,"Santa Clara, California",6/5/2000,1090872,1999
AAL,American Airlines Group,Industrials,Airlines,"Fort Worth, Texas",3/23/2015,6201,1934
AAP,Advance Auto Parts,Consumer Discretionary,Automotive Retail,"Raleigh, North Carolina",7/9/2015,1158449,1932
AAPL,Apple Inc.,Information Technology,"Technology Hardware, Storage & Peripherals","Cupertino, California",11/30/1982,320193,1977
ABBV,AbbVie Inc.,Health Care,Pharmaceuticals,"North Chicago, Illinois",12/31/2012,1551152,2013 (1888)
ABC,AmerisourceBergen Corp,Health Care,Health Care Distributors,"Chesterbrook, Pennsylvania",8/30/2001,1140859,1985
ABMD,ABIOMED Inc,Health Care,Health Care Equipment,"Danvers, Massachusetts",5/31/2018,815094,1981
ABT,Abbott Laboratories,Health Care,Health Care Equipment,"North Chicago, Illinois",3/31/1964,1800,1888
ACN,Accenture plc,Information Technology,IT Consulting & Other Services,"Dublin, Ireland",7/6/2011,1467373,1989
ADBE,Adobe Systems Inc,Information Technology,Application Software,"San Jose, California",5/5/1997,796343,1982
ADI,"Analog Devices, Inc.",Information Technology,Semiconductors,"Norwood, Massachusetts",10/12/1999,6281,1965
ADM,Archer-Daniels-Midland Co,Consumer Staples,Agricultural Products,"Chicago, Illinois",7/29/1981,7084,1902
ADP,Automatic Data Processing,Information Technology,Internet Services & Infrastructure,"Roseland, New Jersey",3/31/1981,8670,
ADS,Alliance Data Systems,Information Technology,Data Processing & Outsourced Services,"Plano, Texas",12/23/2013,1101215,1996
ADSK,Autodesk Inc.,Information Technology,Application Software,"San Rafael, California",12/1/1989,769397,
AEE,Ameren Corp,Utilities,Multi-Utilities,"St. Louis, Missouri",9/19/1991,1002910,1902
AEP,American Electric Power,Utilities,Electric Utilities,"Columbus, Ohio",,4904,1906
AES,AES Corp,Utilities,Independent Power Producers & Energy Traders,"Arlington, Virginia",10/2/1998,874761,1981
AFL,AFLAC Inc,Financials,Life & Health Insurance,"Columbus, Georgia",5/28/1999,4977,1955
AGN,"Allergan, plc",Health Care,Pharmaceuticals,"Dublin, Ireland",4/12/1999,1578845,1983
AIG,American International Group,Financials,Property & Casualty Insurance,"New York, New York",3/31/1980,5272,1919
AIV,Apartment Investment & Management,Real Estate,Residential REITs,"Denver, Colorado",3/14/2003,922864,1994 (1975)
AIZ,Assurant,Financials,Multi-line Insurance,"New York, New York",4/10/2007,1267238,
AJG,Arthur J. Gallagher & Co.,Financials,Insurance Brokers,"Itasca, Illinois",5/31/2016,354190,
AKAM,Akamai Technologies Inc,Information Technology,Internet Services & Infrastructure,"Cambridge, Massachusetts",7/12/2007,1086222,1998
ALB,Albemarle Corp,Materials,Specialty Chemicals,"Charlotte, North Carolina",7/1/2016,915913,1994
ALGN,Align Technology,Health Care,Health Care Supplies,"San Jose, California",6/19/2017,1097149,1997
ALK,Alaska Air Group Inc,Industrials,Airlines,"Seattle, Washington",5/13/2016,766421,1985
ALL,Allstate Corp,Financials,Property & Casualty Insurance,"Northfield Township, Illinois",7/13/1995,899051,1931
ALLE,Allegion,Industrials,Building Products,"Dublin, Ireland",12/2/2013,1579241,1908
ALXN,Alexion Pharmaceuticals,Health Care,Biotechnology,"Boston, Massachusetts",5/25/2012,899866,1992
AMAT,Applied Materials Inc.,Information Technology,Semiconductor Equipment,"Santa Clara, California",3/16/1995,6951,1967
AMCR,Amcor plc,Materials,Paper Packaging,"Warmley, Bristol, United Kingdom",6/7/2019,1748790,2019 (1860)
AMD,Advanced Micro Devices Inc,Information Technology,Semiconductors,"Santa Clara, California",3/20/2017,2488,1969
AME,AMETEK Inc.,Industrials,Electrical Components & Equipment,"Berwyn, Pennsylvania",9/23/2013,1037868,1930
AMGN,Amgen Inc.,Health Care,Biotechnology,"Thousand Oaks, California",1/2/1992,318154,1980
AMP,Ameriprise Financial,Financials,Asset Management & Custody Banks,"Minneapolis, Minnesota",10/3/2005,820027,1894
AMT,American Tower Corp.,Real Estate,Specialized REITs,"Boston, Massachusetts",11/19/2007,1053507,1995
AMZN,Amazon.com Inc.,Consumer Discretionary,Internet & Direct Marketing Retail,"Seattle, Washington",11/18/2005,1018724,1994
ANET,Arista Networks,Information Technology,Communications Equipment,"Santa Clara, California",8/28/2018,1596532,2004
ANSS,ANSYS,Information Technology,Application Software,"Canonsburg, Pennsylvania",6/19/2017,1013462,1969
ANTM,Anthem,Health Care,Managed Health Care,"Indianapolis, Indiana",7/25/2002,1156039,2014 (1940s)
AON,Aon plc,Financials,Insurance Brokers,"London, United Kingdom",4/23/1996,315293,1982 (1919)
AOS,A.O. Smith Corp,Industrials,Building Products,"Milwaukee, Wisconsin",7/26/2017,91142,1916
APA,Apache Corporation,Energy,Oil & Gas Exploration & Production,"Houston, Texas",7/28/1997,6769,1954
APD,Air Products & Chemicals Inc,Materials,Industrial Gases,"Allentown, Pennsylvania",4/30/1985,2969,1940
APH,Amphenol Corp,Information Technology,Electronic Components,"Wallingford, Connecticut",9/30/2008,820313,1932
APTV,Aptiv PLC,Consumer Discretionary,Auto Parts & Equipment,"Dublin, Ireland",12/24/2012,1521332,1994
ARE,Alexandria Real Estate Equities,Real Estate,Office REITs,"Pasadena, California",3/20/2017,1035443,1994
ARNC,Arconic Inc.,Industrials,Aerospace & Defense,"New York, New York",3/31/1964,4281,2016
ATO,Atmos Energy Corp,Utilities,Gas Utilities,"Dallas, Texas",2/15/2019,731802,1906
ATVI,Activision Blizzard,Communication Services,Interactive Home Entertainment,"Santa Monica, California",8/31/2015,718877,2008
AVB,"AvalonBay Communities, Inc.",Real Estate,Residential REITs,"Arlington, Virginia[3]",1/10/2007,915912,
AVGO,Broadcom Inc.,Information Technology,Semiconductors,"San Jose, California",5/8/2014,1730168,
AVY,Avery Dennison Corp,Materials,Paper Packaging,"Glendale, California",12/31/1987,8818,
AWK,American Water Works Company Inc,Utilities,Water Utilities,"Camden, New Jersey",3/4/2016,1410636,1886
AXP,American Express Co,Financials,Consumer Finance,"New York, New York",6/30/1976,4962,1850
AZO,AutoZone Inc,Consumer Discretionary,Specialty Stores,"Memphis, Tennessee",1/2/1997,866787,
BA,Boeing Company,Industrials,Aerospace & Defense,"Chicago, Illinois",,12927,1916
BAC,Bank of America Corp,Financials,Diversified Banks,"Charlotte, North Carolina",6/30/1976,70858,
BAX,Baxter International Inc.,Health Care,Health Care Equipment,"Deerfield, Illinois",9/30/1972,10456,1931
BBY,Best Buy Co. Inc.,Consumer Discretionary,Computer & Electronics Retail,"Richfield, Minnesota",6/29/1999,764478,
BDX,Becton Dickinson,Health Care,Health Care Equipment,"Franklin Lakes, New Jersey",9/30/1972,10795,1897
BEN,Franklin Resources,Financials,Asset Management & Custody Banks,"San Mateo, California",,38777,1947
BF.B,Brown-Forman Corp.,Consumer Staples,Distillers & Vintners,"Louisville, Kentucky",10/31/1982,14693,
BIIB,Biogen Inc.,Health Care,Biotechnology,"Cambridge, Massachusetts",11/13/2003,875045,
BK,The Bank of New York Mellon Corp.,Financials,Asset Management & Custody Banks,"New York, New York",3/31/1995,1390777,
BKNG,Booking Holdings Inc,Consumer Discretionary,Internet & Direct Marketing Retail,"Norwalk, Connecticut",11/6/2009,1075531,
BKR,Baker Hughes Co,Energy,Oil & Gas Equipment & Services,"Houston, Texas",7/7/2017,1701605,2017
BLK,BlackRock,Financials,Asset Management & Custody Banks,"New York, New York",4/4/2011,1364742,
BLL,Ball Corp,Materials,Metal & Glass Containers,"Broomfield, Colorado",10/31/1984,9389,
BMY,Bristol-Myers Squibb,Health Care,Health Care Distributors,"New York, New York",,14272,1989
BR,Broadridge Financial Solutions,Information Technology,Data Processing & Outsourced Services,"Lake Success, New York",6/18/2018,1383312,1962
BRK.B,Berkshire Hathaway,Financials,Multi-Sector Holdings,"Omaha, Nebraska",2/16/2010,1067983,
BSX,Boston Scientific,Health Care,Health Care Equipment,"Marlborough, Massachusetts[4]",2/24/1995,885725,
BWA,BorgWarner,Consumer Discretionary,Auto Parts & Equipment,"Auburn Hills, Michigan",12/19/2011,908255,
BXP,Boston Properties,Real Estate,Office REITs,"Boston, Massachusetts",4/3/2006,1037540,
C,Citigroup Inc.,Financials,Diversified Banks,"New York, New York",5/31/1988,831001,
CAG,Conagra Brands,Consumer Staples,Packaged Foods & Meats,"Chicago, Illinois",8/31/1983,23217,
CAH,Cardinal Health Inc.,Health Care,Health Care Distributors,"Dublin, Ohio",5/27/1997,721371,
CAT,Caterpillar Inc.,Industrials,Construction Machinery & Heavy Trucks,"Deerfield, Illinois",,18230,1925
CB,Chubb Limited,Financials,Property & Casualty Insurance,"Zurich, Switzerland",7/15/2010,896159,
CBOE,Cboe Global Markets,Financials,Financial Exchanges & Data,"Chicago, Illinois",3/1/2017,1374310,
CBRE,CBRE Group,Real Estate,Real Estate Services,"Los Angeles, California",11/10/2006,1138118,
CCI,Crown Castle International Corp.,Real Estate,Specialized REITs,"Houston, Texas",3/14/2012,1051470,
CCL,Carnival Corp.,Consumer Discretionary,"Hotels, Resorts & Cruise Lines","Miami, Florida",12/22/1998,815097,
CDNS,Cadence Design Systems,Information Technology,Application Software,"San Jose, California",9/18/2017,813672,
CDW,CDW,Information Technology,Technology Distributors,"Lincolnshire, Illinois",9/23/2019,1402057,1984
CE,Celanese,Materials,Specialty Chemicals,"Irving, Texas",12/24/2018,1306830,1918
CERN,Cerner,Health Care,Health Care Technology,"North Kansas City, Missouri",4/30/2010,804753,
CF,CF Industries Holdings Inc,Materials,Fertilizers & Agricultural Chemicals,"Deerfield, Illinois",8/27/2008,1324404,
CFG,Citizens Financial Group,Financials,Regional Banks,"Providence, Rhode Island",1/29/2016,759944,
CHD,Church & Dwight,Consumer Staples,Household Products,"Ewing, New Jersey",12/29/2015,313927,
CHRW,C. H. Robinson Worldwide,Industrials,Air Freight & Logistics,"Eden Prairie, Minnesota",3/2/2007,1043277,
CHTR,Charter Communications,Communication Services,Cable & Satellite,"Stamford, Connecticut",9/8/2016,1091667,
CI,CIGNA Corp.,Health Care,Managed Health Care,"Bloomfield, Connecticut",6/30/1976,701221,
CINF,Cincinnati Financial,Financials,Property & Casualty Insurance,"Fairfield, Ohio",12/18/1997,20286,
CL,Colgate-Palmolive,Consumer Staples,Household Products,"New York, New York",,21665,1806
CLX,The Clorox Company,Consumer Staples,Household Products,"Oakland, California",3/31/1969,21076,1913
CMA,Comerica Inc.,Financials,Diversified Banks,"Dallas, Texas",12/1/1995,28412,
CMCSA,Comcast Corp.,Communication Services,Cable & Satellite,"Philadelphia, Pennsylvania",9/18/2015,1166691,
CME,CME Group Inc.,Financials,Financial Exchanges & Data,"Chicago, Illinois",8/11/2006,1156375,
CMG,Chipotle Mexican Grill,Consumer Discretionary,Restaurants,"Newport Beach, California",4/28/2011,1058090,
CMI,Cummins Inc.,Industrials,Industrial Machinery,"Columbus, Indiana",3/31/1965,26172,1919
CMS,CMS Energy,Utilities,Multi-Utilities,"Jackson, Michigan",5/3/1999,811156,
CNC,Centene Corporation,Health Care,Managed Health Care,"St Louis, Missouri",3/30/2016,1071739,
CNP,CenterPoint Energy,Utilities,Multi-Utilities,"Houston, Texas",7/31/1985,1130310,
COF,Capital One Financial,Financials,Consumer Finance,"Tysons Corner, Virginia",7/1/1998,927628,1935
COG,Cabot Oil & Gas,Energy,Oil & Gas Exploration & Production,"Houston, Texas",6/23/2008,858470,
COO,The Cooper Companies,Health Care,Health Care Supplies,"San Ramon, California",9/23/2016,711404,
COP,ConocoPhillips,Energy,Oil & Gas Exploration & Production,"Houston, Texas",,1163165,2002
COST,Costco Wholesale Corp.,Consumer Staples,Hypermarkets & Super Centers,"Issaquah, Washington",10/1/1993,909832,
COTY,"Coty, Inc",Consumer Staples,Personal Products,"New York, New York",10/3/2016,1024305,
CPB,Campbell Soup,Consumer Staples,Packaged Foods & Meats,"Camden, New Jersey",,16732,1869
CPRI,Capri Holdings,Consumer Discretionary,"Apparel, Accessories & Luxury Goods","New York, New York",11/13/2013,1530721,
CPRT,Copart Inc,Industrials,Diversified Support Services,"Dallas, Texas",7/2/2018,900075,
CRM,Salesforce.com,Information Technology,Application Software,"San Francisco, California",9/15/2008,1108524,
CSCO,Cisco Systems,Information Technology,Communications Equipment,"San Jose, California",12/1/1993,858877,
CSX,CSX Corp.,Industrials,Railroads,"Jacksonville, Florida",9/30/1967,277948,1980
CTAS,Cintas Corporation,Industrials,Diversified Support Services,"Mason, Ohio",3/1/2001,723254,
CTL,CenturyLink Inc,Communication Services,Alternative Carriers,"Monroe, Louisiana",3/25/1999,18926,
CTSH,Cognizant Technology Solutions,Information Technology,IT Consulting & Other Services,"Teaneck, New Jersey",11/17/2006,1058290,
CTVA,Corteva,Materials,Fertilizers & Agricultural Chemicals,"Wilmington, Delaware",6/3/2019,1755672,2019
CTXS,Citrix Systems,Information Technology,Application Software,"Fort Lauderdale, Florida",12/1/1999,877890,
CVS,CVS Health,Health Care,Health Care Services,"Woonsocket, Rhode Island",,64803,1996
CVX,Chevron Corp.,Energy,Integrated Oil & Gas,"San Ramon, California",,93410,1879
CXO,Concho Resources,Energy,Oil & Gas Exploration & Production,"Midland, Texas",2/22/2016,1358071,
D,Dominion Energy,Utilities,Electric Utilities,"Richmond, Virginia",,715957,1983
DAL,Delta Air Lines Inc.,Industrials,Airlines,"Atlanta, Georgia",9/11/2013,27904,
DD,DuPont de Nemours Inc,Materials,Specialty Chemicals,"Midland, Michigan",,1666700,2017
DE,Deere & Co.,Industrials,Agricultural & Farm Machinery,"Moline, Illinois",,315189,1837
DFS,Discover Financial Services,Financials,Consumer Finance,"Riverwoods, Illinois",7/2/2007,1393612,
DG,Dollar General,Consumer Discretionary,General Merchandise Stores,"Goodlettsville, Tennessee",12/3/2012,29534,
DGX,Quest Diagnostics,Health Care,Health Care Services,"Madison, New Jersey",12/12/2002,1022079,
DHI,D. R. Horton,Consumer Discretionary,Homebuilding,"Fort Worth, Texas",,882184,1978
DHR,Danaher Corp.,Health Care,Health Care Equipment,"Washington, D.C.",,313616,1969
DIS,The Walt Disney Company,Communication Services,Movies & Entertainment,"Burbank, California",6/30/1976,1001039,
DISCA,Discovery Inc. Class A,Communication Services,Broadcasting,"Silver Spring, Maryland",3/1/2010,1437107,
DISCK,Discovery Inc. Class C,Communication Services,Broadcasting,"Silver Spring, Maryland",8/7/2014,1437107,
DISH,Dish Network,Communication Services,Cable & Satellite,"Meridian, Colorado",3/13/2017,1001082,
DLR,Digital Realty Trust Inc,Real Estate,Specialized REITs,"San Francisco, California",5/18/2016,1297996,
DLTR,Dollar Tree,Consumer Discretionary,General Merchandise Stores,"Chesapeake, Virginia",12/19/2011,935703,
DOV,Dover Corp.,Industrials,Industrial Machinery,"Downers Grove, Illinois",10/31/1985,29905,
DOW,Dow Inc.,Materials,Commodity Chemicals,"Midland, Michigan",4/1/2019,1751788,2019
DRE,Duke Realty Corp,Real Estate,Industrial REITs,"Indianapolis, Indiana",7/26/2017,783280,
DRI,Darden Restaurants,Consumer Discretionary,Restaurants,"Orlando, Florida",,940944,1938
DTE,DTE Energy Co.,Utilities,Multi-Utilities,"Detroit, Michigan",,936340,1995
DUK,Duke Energy,Utilities,Electric Utilities,"Charlotte, North Carolina",6/30/1976,1326160,
DVA,DaVita Inc.,Health Care,Health Care Facilities,"Denver, Colorado",7/31/2008,927066,
DVN,Devon Energy,Energy,Oil & Gas Exploration & Production,"Oklahoma City, Oklahoma",8/30/2000,1090012,
DXC,DXC Technology,Information Technology,IT Consulting & Other Services,"Tysons Corner, Virginia",4/4/2017,1688568,
EA,Electronic Arts,Communication Services,Interactive Home Entertainment,"Redwood City, California",7/22/2002,712515,
EBAY,eBay Inc.,Consumer Discretionary,Internet & Direct Marketing Retail,"San Jose, California",,1065088,1995
ECL,Ecolab Inc.,Materials,Specialty Chemicals,"St. Paul, Minnesota",1/31/1989,31462,
ED,Consolidated Edison,Utilities,Electric Utilities,"New York, New York",,1047862,1823
EFX,Equifax Inc.,Industrials,Research & Consulting Services,"Atlanta, Georgia",6/19/1997,33185,
EIX,Edison Int'l,Utilities,Electric Utilities,"Rosemead, California",,827052,1886
EL,Estee Lauder Cos.,Consumer Staples,Personal Products,"New York, New York",1/5/2006,1001250,
EMN,Eastman Chemical,Materials,Diversified Chemicals,"Kingsport, Tennessee",1/1/1994,915389,
EMR,Emerson Electric Company,Industrials,Electrical Components & Equipment,"Ferguson, Missouri",3/31/1965,32604,1890
EOG,EOG Resources,Energy,Oil & Gas Exploration & Production,"Houston, Texas",11/2/2000,821189,
EQIX,Equinix,Real Estate,Specialized REITs,"Redwood City, California",3/20/2015,1101239,
EQR,Equity Residential,Real Estate,Residential REITs,"Chicago, Illinois",12/3/2001,906107,
ES,Eversource Energy,Utilities,Multi-Utilities,"Springfield, Massachusetts",,72741,1966
ESS,"Essex Property Trust, Inc.",Real Estate,Residential REITs,"Palo Alto, California",4/2/2014,920522,
ETFC,E*Trade,Financials,Investment Banking & Brokerage,"New York, New York",3/31/2004,1015780,
ETN,Eaton Corporation,Industrials,Electrical Components & Equipment,"Dublin, Ireland",,1551182,1911
ETR,Entergy Corp.,Utilities,Electric Utilities,"New Orleans, Louisiana",,65984,1913
EVRG,Evergy,Utilities,Electric Utilities,"Kansas City, Missouri",6/5/2018,1711269,1909
EW,Edwards Lifesciences,Health Care,Health Care Equipment,"Irvine, California",4/1/2011,1099800,
EXC,Exelon Corp.,Utilities,Multi-Utilities,"Chicago, Illinois",,1109357,2000
EXPD,Expeditors,Industrials,Air Freight & Logistics,"Seattle, Washington",10/10/2007,746515,
EXPE,Expedia Group,Consumer Discretionary,Internet & Direct Marketing Retail,"Bellevue, Washington",10/2/2007,1324424,
EXR,Extra Space Storage,Real Estate,Specialized REITs,"Salt Lake City, Utah",1/19/2016,1289490,
F,Ford Motor,Consumer Discretionary,Automobile Manufacturers,"Dearborn, Michigan",,37996,1903
FANG,Diamondback Energy,Energy,Oil & Gas Exploration & Production,"Midland, Texas",12/3/2018,1539838,2007
FAST,Fastenal Co,Industrials,Building Products,"Winona, Minnesota",9/15/2009,815556,
FB,"Facebook, Inc.",Communication Services,Interactive Media & Services,"Menlo Park, California",12/23/2013,1326801,
FBHS,Fortune Brands Home & Security,Industrials,Building Products,"Deerfield, Illinois",6/22/2016,1519751,
FCX,Freeport-McMoRan Inc.,Materials,Copper,"Phoenix, Arizona",,831259,1912
FDX,FedEx Corporation,Industrials,Air Freight & Logistics,"Memphis, Tennessee",12/31/1980,1048911,
FE,FirstEnergy Corp,Utilities,Electric Utilities,"Akron, Ohio",,1031296,1997
FFIV,F5 Networks,Information Technology,Communications Equipment,"Seattle, Washington",12/20/2010,1048695,1996
FIS,Fidelity National Information Services,Information Technology,Data Processing & Outsourced Services,"Jacksonville, Florida",11/10/2006,1136893,
FISV,Fiserv Inc,Information Technology,Data Processing & Outsourced Services,"Brookfield, Wisconsin",4/2/2001,798354,
FITB,Fifth Third Bancorp,Financials,Regional Banks,"Cincinnati, Ohio",,35527,1858
FLIR,FLIR Systems,Information Technology,Electronic Equipment & Instruments,"Wilsonville, Oregon",1/2/2009,354908,
FLS,Flowserve Corporation,Industrials,Industrial Machinery,"Irving, Texas",10/2/2008,30625,
FLT,FleetCor Technologies Inc,Information Technology,Data Processing & Outsourced Services,"Norcross, Georgia",6/20/2018,1175454,2000
FMC,FMC Corporation,Materials,Fertilizers & Agricultural Chemicals,"Philadelphia, Pennsylvania",8/19/2009,37785,
FOX,Fox Corporation Class B,Communication Services,Movies & Entertainment,"New York, New York",9/18/2015,1308161,
FOXA,Fox Corporation Class A,Communication Services,Movies & Entertainment,"New York, New York",7/1/2013,1308161,
FRC,First Republic Bank,Financials,Regional Banks,"San Francisco, California",1/2/2019,1132979,1985
FRT,Federal Realty Investment Trust,Real Estate,Retail REITs,"Rockville, Maryland",2/1/2016,34903,
FTI,TechnipFMC,Energy,Oil & Gas Equipment & Services,"London, United Kingdom",6/5/2009,1681459,
FTNT,Fortinet,Information Technology,Systems Software,"Sunnyvale, California",10/11/2018,1262039,2000
FTV,Fortive Corp,Industrials,Industrial Machinery,"Everett, Washington",7/1/2016,1659166,
GD,General Dynamics,Industrials,Aerospace & Defense,"Falls Church, Virginia",,40533,1899
GE,General Electric,Industrials,Industrial Conglomerates,"Boston, Massachusetts",,40545,1892
GILD,Gilead Sciences,Health Care,Biotechnology,"Foster City, California",7/1/2004,882095,
GIS,General Mills,Consumer Staples,Packaged Foods & Meats,"Golden Valley, Minnesota",3/31/1969,40704,1856
GL,Globe Life Inc.,Financials,Life & Health Insurance,"McKinney, Texas",4/30/1989,320335,
GLW,Corning Inc.,Information Technology,Electronic Components,"Corning, New York",,24741,1851
GM,General Motors,Consumer Discretionary,Automobile Manufacturers,"Detroit, Michigan",6/6/2013,1467858,
GOOG,Alphabet Inc Class C,Communication Services,Interactive Media & Services,"Mountain View, California",4/3/2006,1652044,1998
GOOGL,Alphabet Inc Class A,Communication Services,Interactive Media & Services,"Mountain View, California",4/3/2014,1652044,1998
GPC,Genuine Parts,Consumer Discretionary,Specialty Stores,"Atlanta, Georgia",12/31/1973,40987,1925
GPN,Global Payments Inc.,Information Technology,Data Processing & Outsourced Services,"Atlanta, Georgia",4/25/2016,1123360,
GPS,Gap Inc.,Consumer Discretionary,Apparel Retail,"San Francisco, California",8/31/1986,39911,
GRMN,Garmin Ltd.,Consumer Discretionary,Consumer Electronics,"Schaffhausen, Switzerland",12/12/2012,1121788,
GS,Goldman Sachs Group,Financials,Investment Banking & Brokerage,"New York, New York",7/22/2002,886982,
GWW,Grainger (W.W.) Inc.,Industrials,Industrial Machinery,"Lake Forest, Illinois",6/30/1981,277135,
HAL,Halliburton Co.,Energy,Oil & Gas Equipment & Services,"Houston, Texas",,45012,1919
HAS,Hasbro Inc.,Consumer Discretionary,Leisure Products,"Pawtucket, Rhode Island",9/30/1984,46080,
HBAN,Huntington Bancshares,Financials,Regional Banks,"Columbus, Ohio",,49196,1866
HBI,Hanesbrands Inc,Consumer Discretionary,"Apparel, Accessories & Luxury Goods","Winston-Salem, North Carolina",3/20/2015,1359841,
HCA,HCA Healthcare,Health Care,Health Care Facilities,"Nashville, Tennessee",1/27/2015,860730,
HD,Home Depot,Consumer Discretionary,Home Improvement Retail,"Atlanta, Georgia",3/31/1988,354950,
HES,Hess Corporation,Energy,Integrated Oil & Gas,"New York, New York",5/31/1984,4447,
HFC,HollyFrontier Corp,Energy,Oil & Gas Refining & Marketing,"Dallas, Texas",6/18/2018,48039,
HIG,Hartford Financial Svc.Gp.,Financials,Property & Casualty Insurance,"Hartford, Connecticut",,874766,
HII,Huntington Ingalls Industries,Industrials,Aerospace & Defense,"Newport News, Virginia",1/3/2018,1501585,
HLT,Hilton Worldwide Holdings Inc,Consumer Discretionary,"Hotels, Resorts & Cruise Lines","Tysons Corner, Virginia",6/19/2017,1585689,
HOG,Harley-Davidson,Consumer Discretionary,Motorcycle Manufacturers,"Milwaukee, Wisconsin",,793952,1903
HOLX,Hologic,Health Care,Health Care Equipment,"Marlborough, Massachusetts",3/30/2016,859737,
HON,Honeywell Int'l Inc.,Industrials,Industrial Conglomerates,"Morristown, New Jersey",3/31/1964,773840,1906
HP,Helmerich & Payne,Energy,Oil & Gas Drilling,"Tulsa, Oklahoma[5]",3/1/2010,46765,
HPE,Hewlett Packard Enterprise,Information Technology,"Technology Hardware, Storage & Peripherals","Palo Alto, California",11/2/2015,1645590,
HPQ,HP Inc.,Information Technology,"Technology Hardware, Storage & Peripherals","Palo Alto, California",12/31/1974,47217,1939 (2015)
HRB,H&R Block,Consumer Discretionary,Specialized Consumer Services,"Kansas City, Missouri",11/30/1986,12659,
HRL,Hormel Foods Corp.,Consumer Staples,Packaged Foods & Meats,"Austin, Minnesota",3/4/2009,48465,
HSIC,Henry Schein,Health Care,Health Care Distributors,"Melville, New York",3/17/2015,1000228,
HST,Host Hotels & Resorts,Real Estate,Hotel & Resort REITs,"Bethesda, Maryland",3/20/2007,1070750,
HSY,The Hershey Company,Consumer Staples,Packaged Foods & Meats,"Hershey, Pennsylvania",,47111,1894
HUM,Humana Inc.,Health Care,Managed Health Care,"Louisville, Kentucky",,49071,1961
IBM,International Business Machines,Information Technology,IT Consulting & Other Services,"Armonk, New York",,51143,1911
ICE,Intercontinental Exchange,Financials,Financial Exchanges & Data,"Atlanta, Georgia",9/26/2007,1571949,
IDXX,IDEXX Laboratories,Health Care,Health Care Equipment,"Westbrook, Maine",1/5/2017,874716,
IEX,IDEX Corporation,Industrials,Industrial Machinery,"Lake Forest, Illinois",8/9/2019,832101,1988
IFF,Intl Flavors & Fragrances,Materials,Specialty Chemicals,"New York, New York",3/31/1976,51253,
ILMN,Illumina Inc,Health Care,Life Sciences Tools & Services,"San Diego, California",11/19/2015,1110803,
INCY,Incyte,Health Care,Biotechnology,"Wilmington, Delaware",2/28/2017,879169,
INFO,IHS Markit Ltd.,Industrials,Research & Consulting Services,"London, United Kingdom",6/2/2017,1598014,
INTC,Intel Corp.,Information Technology,Semiconductors,"Santa Clara, California",12/31/1976,50863,
INTU,Intuit Inc.,Information Technology,Application Software,"Mountain View, California",12/5/2000,896878,
IP,International Paper,Materials,Paper Packaging,"Memphis, Tennessee",,51434,1898
IPG,Interpublic Group,Communication Services,Advertising,"New York, New York",10/1/1992,51644,
IPGP,IPG Photonics Corp.,Information Technology,Electronic Manufacturing Services,"Oxford, Massachusetts",3/7/2018,1111928,
IQV,IQVIA Holdings Inc.,Health Care,Life Sciences Tools & Services,"Durham, North Carolina",8/29/2017,1478242,
IR,Ingersoll-Rand PLC,Industrials,Industrial Machinery,"Dublin, Ireland",11/17/2010,1466258,
IRM,Iron Mountain Incorporated,Real Estate,Specialized REITs,"Boston, Massachusetts",1/6/2009,1020569,
ISRG,Intuitive Surgical Inc.,Health Care,Health Care Equipment,"Sunnyvale, California",6/2/2008,1035267,
IT,Gartner Inc,Information Technology,IT Consulting & Other Services,"Stamford, Connecticut",4/5/2017,749251,
ITW,Illinois Tool Works,Industrials,Industrial Machinery,"Glenview, Illinois",2/28/1986,49826,
IVZ,Invesco Ltd.,Financials,Asset Management & Custody Banks,"Atlanta, Georgia",8/21/2008,914208,
J,Jacobs Engineering Group,Industrials,Construction & Engineering,"Pasadena, California",10/26/2007,52988,
JBHT,J. B. Hunt Transport Services,Industrials,Trucking,"Lowell, Arkansas",7/1/2015,728535,
JCI,Johnson Controls International,Industrials,Building Products,"Cork, Ireland",8/27/2010,833444,
JKHY,Jack Henry & Associates,Information Technology,Data Processing & Outsourced Services,"Monett, Missouri",11/13/2018,779152,1976
JNJ,Johnson & Johnson,Health Care,Pharmaceuticals,"New Brunswick, New Jersey",6/30/1973,200406,1886
JNPR,Juniper Networks,Information Technology,Communications Equipment,"Sunnyvale, California",,1043604,1996
JPM,JPMorgan Chase & Co.,Financials,Diversified Banks,"New York, New York",6/30/1975,19617,
JWN,Nordstrom,Consumer Discretionary,Department Stores,"Seattle, Washington",8/31/1986,72333,
K,Kellogg Co.,Consumer Staples,Packaged Foods & Meats,"Battle Creek, Michigan",,55067,1906
KEY,KeyCorp,Financials,Regional Banks,"Cleveland, Ohio",3/1/1994,91576,
KEYS,Keysight Technologies,Information Technology,Electronic Equipment & Instruments,"Santa Rosa, California",11/6/2018,1601046,2014
KHC,Kraft Heinz Co,Consumer Staples,Packaged Foods & Meats,"Chicago, Illinois; Pittsburgh, Pennsylvania",7/6/2015,1637459,
KIM,Kimco Realty,Real Estate,Retail REITs,"New Hyde Park, New York",4/4/2006,879101,
KLAC,KLA Corporation,Information Technology,Semiconductor Equipment,"Milpitas, California",,319201,1975/1977 (1997)
KMB,Kimberly-Clark,Consumer Staples,Household Products,"Irving, Texas",,55785,1872
KMI,Kinder Morgan,Energy,Oil & Gas Storage & Transportation,"Houston, Texas",5/25/2012,1506307,
KMX,Carmax Inc,Consumer Discretionary,Specialty Stores,"Richmond, Virginia",6/28/2010,1170010,
KO,Coca-Cola Company,Consumer Staples,Soft Drinks,"Atlanta, Georgia",,21344,1886
KR,Kroger Co.,Consumer Staples,Food Retail,"Cincinnati, Ohio",,56873,1883
KSS,Kohl's Corp.,Consumer Discretionary,General Merchandise Stores,"Menomonee Falls, Wisconsin",,885639,1962
KSU,Kansas City Southern,Industrials,Railroads,"Kansas City, Missouri",5/24/2013,54480,
L,Loews Corp.,Financials,Multi-line Insurance,"New York, New York",,60086,
LB,L Brands Inc.,Consumer Discretionary,Apparel Retail,"Columbus, Ohio",9/30/1983,701985,
LDOS,Leidos Holdings,Information Technology,IT Consulting & Other Services,"Reston, Virginia",8/9/2019,1336920,1969
LEG,Leggett & Platt,Consumer Discretionary,Home Furnishings,"Carthage, Missouri",,58492,1883
LEN,Lennar Corp.,Consumer Discretionary,Homebuilding,"Miami, Florida",10/4/2005,920760,
LH,Laboratory Corp. of America Holding,Health Care,Health Care Services,"Burlington, North Carolina",11/1/2004,920148,
LHX,L3Harris Technologies,Industrials,Aerospace & Defense,"Melbourne, Florida",,202058,
LIN,Linde plc,Materials,Industrial Gases,"Guildford, Surrey, United Kingdom",7/1/1992,1707925,
LKQ,LKQ Corporation,Consumer Discretionary,Distributors,"Chicago, Illinois",5/23/2016,1065696,
LLY,Lilly (Eli) & Co.,Health Care,Pharmaceuticals,"Indianapolis, Indiana",12/31/1970,59478,1876
LMT,Lockheed Martin Corp.,Industrials,Aerospace & Defense,"Bethesda, Maryland",7/31/1984,936468,
LNC,Lincoln National,Financials,Multi-line Insurance,"Radnor, Pennsylvania",6/30/1976,59558,
LNT,Alliant Energy Corp,Utilities,Electric Utilities,"Madison, Wisconsin",7/1/2016,352541,1917
LOW,Lowe's Cos.,Consumer Discretionary,Home Improvement Retail,"Mooresville, North Carolina",2/29/1984,60667,1904/1946/1959
LRCX,Lam Research,Information Technology,Semiconductor Equipment,"Fremont, California",6/29/2012,707549,
LUV,Southwest Airlines,Industrials,Airlines,"Dallas, Texas",7/1/1994,92380,
LVS,Las Vegas Sands,Consumer Discretionary,Casinos & Gaming,"Las Vegas, Nevada",10/3/2019,1300514,1988
LW,Lamb Weston Holdings Inc,Consumer Staples,Packaged Foods & Meats,"Eagle, Idaho",12/3/2018,1679273,2016 (1950)
LYB,LyondellBasell,Materials,Specialty Chemicals,"Rotterdam, Netherlands",9/5/2012,1489393,
LYV,Live Nation Entertainment,Communication Services,Movies & Entertainment,"Beverly Hills, California",12/23/2019,1335258,2010
M,Macy's Inc.,Consumer Discretionary,Department Stores,"Cincinnati, Ohio",,794367,1929
MA,Mastercard Inc.,Information Technology,Data Processing & Outsourced Services,"Harrison, New York",7/18/2008,1141391,
MAA,Mid-America Apartments,Real Estate,Residential REITs,"Memphis, Tennessee",12/2/2016,912595,
MAR,Marriott Int'l.,Consumer Discretionary,"Hotels, Resorts & Cruise Lines","Bethesda, Maryland",,1048286,1927
MAS,Masco Corp.,Industrials,Building Products,"Taylor, Michigan",6/30/1981,62996,
MCD,McDonald's Corp.,Consumer Discretionary,Restaurants,"Chicago, Illinois",6/30/1970,63908,1940
MCHP,Microchip Technology,Information Technology,Semiconductors,"Chandler, Arizona",9/7/2007,827054,
MCK,McKesson Corp.,Health Care,Health Care Distributors,"Irving, Texas",,927653,1833
MCO,Moody's Corp,Financials,Financial Exchanges & Data,"New York, New York",,1059556,1909
MDLZ,Mondelez International,Consumer Staples,Packaged Foods & Meats,"Deerfield, Illinois",10/2/2012,1103982,
MDT,Medtronic plc,Health Care,Health Care Equipment,"Dublin, Ireland",10/31/1986,1613103,
MET,MetLife Inc.,Financials,Life & Health Insurance,"New York, New York",,1099219,1868
MGM,MGM Resorts International,Consumer Discretionary,Casinos & Gaming,"Paradise, Nevada",7/26/2017,789570,
MHK,Mohawk Industries,Consumer Discretionary,Home Furnishings,"Amsterdam, New York",12/23/2013,851968,
MKC,McCormick & Co.,Consumer Staples,Packaged Foods & Meats,"Sparks, Maryland",,63754,1889
MKTX,MarketAxess,Financials,Financial Exchanges & Data,"New York, New York",7/1/2019,1278021,2000
MLM,Martin Marietta Materials,Materials,Construction Materials,"Raleigh, North Carolina",7/2/2014,916076,
MMC,Marsh & McLennan,Financials,Insurance Brokers,"New York, New York",8/31/1987,62709,
MMM,3M Company,Industrials,Industrial Conglomerates,"St. Paul, Minnesota",,66740,1902
MNST,Monster Beverage,Consumer Staples,Soft Drinks,"Corona, California",6/28/2012,865752,
MO,Altria Group Inc,Consumer Staples,Tobacco,"Richmond, Virginia",,764180,1985
MOS,The Mosaic Company,Materials,Fertilizers & Agricultural Chemicals,"Plymouth, Minnesota",9/26/2011,1285785,
MPC,Marathon Petroleum,Energy,Oil & Gas Refining & Marketing,"Findlay, Ohio",7/1/2011,1510295,
MRK,Merck & Co.,Health Care,Pharmaceuticals,"Whitehouse Station, New Jersey",,310158,1891
MRO,Marathon Oil Corp.,Energy,Oil & Gas Exploration & Production,"Houston, Texas",5/1/1991,101778,
MS,Morgan Stanley,Financials,Investment Banking & Brokerage,"New York, New York",,895421,1935
MSCI,MSCI Inc,Financials,Financial Exchanges & Data,"New York, New York",4/4/2018,1408198,
MSFT,Microsoft Corp.,Information Technology,Systems Software,"Redmond, Washington",6/1/1994,789019,1975
MSI,Motorola Solutions Inc.,Information Technology,Communications Equipment,"Schaumburg, Illinois",,68505,1928 (2011)
MTB,M&T Bank Corp.,Financials,Regional Banks,"Buffalo, New York",,36270,1856
MTD,Mettler Toledo,Health Care,Life Sciences Tools & Services,"Columbus, Ohio",9/6/2016,1037646,
MU,Micron Technology,Information Technology,Semiconductors,"Boise, Idaho",9/27/1994,723125,
MXIM,Maxim Integrated Products Inc,Information Technology,Semiconductors,"San Jose, California",12/3/2018,743316,1983
MYL,Mylan N.V.,Health Care,Pharmaceuticals,"Amsterdam, Netherlands",4/23/2004,1623613,
NBL,Noble Energy Inc,Energy,Oil & Gas Exploration & Production,"Houston, Texas",10/8/2007,72207,
NCLH,Norwegian Cruise Line Holdings,Consumer Discretionary,"Hotels, Resorts & Cruise Lines","Miami, Florida",10/13/2017,1513761,
NDAQ,"Nasdaq, Inc.",Financials,Financial Exchanges & Data,"New York, New York",10/22/2008,1120193,
NEE,NextEra Energy,Utilities,Multi-Utilities,"Juno Beach, Florida",6/30/1976,753308,
NEM,Newmont Corporation,Materials,Gold,"Denver, Colorado",6/30/1969,1164727,1921
NFLX,Netflix Inc.,Communication Services,Movies & Entertainment,"Los Gatos, California",12/20/2010,1065280,1997
NI,NiSource Inc.,Utilities,Multi-Utilities,"Merrillville, Indiana",,1111711,1912
NKE,Nike,Consumer Discretionary,"Apparel, Accessories & Luxury Goods","Washington County, Oregon",11/30/1988,320187,
NLOK,NortonLifeLock,Information Technology,Application Software,"Tempe, Arizona",3/25/2003,849399,
NLSN,Nielsen Holdings,Industrials,Research & Consulting Services,"New York, New York",7/9/2013,1492633,
NOC,Northrop Grumman,Industrials,Aerospace & Defense,"West Falls Church, Virginia",6/30/1985,1133421,
NOV,National Oilwell Varco Inc.,Energy,Oil & Gas Equipment & Services,"Houston, Texas",3/14/2005,1021860,
NOW,ServiceNow,Information Technology,Systems Software,"Santa Clara, California",11/21/2019,1373715,2003
NRG,NRG Energy,Utilities,Independent Power Producers & Energy Traders,"Princeton, New Jersey",1/29/2010,1013871,
NSC,Norfolk Southern Corp.,Industrials,Railroads,"Norfolk, Virginia",,702165,1881/1894 (1980)
NTAP,NetApp,Information Technology,"Technology Hardware, Storage & Peripherals","Sunnyvale, California",6/25/1999,1002047,
NTRS,Northern Trust Corp.,Financials,Asset Management & Custody Banks,"Chicago, Illinois",,73124,1889
NUE,Nucor Corp.,Materials,Steel,"Charlotte, North Carolina",4/30/1985,73309,
NVDA,Nvidia Corporation,Information Technology,Semiconductors,"Santa Clara, California",11/30/2001,1045810,
NVR,NVR Inc,Consumer Discretionary,Homebuilding,"Reston, VA",9/26/2019,906163,1980
NWL,Newell Brands,Consumer Discretionary,Housewares & Specialties,"Hoboken, New Jersey",4/30/1989,814453,
NWS,News Corp. Class B,Communication Services,Publishing,"New York, New York",9/18/2015,1564708,
NWSA,News Corp. Class A,Communication Services,Publishing,"New York, New York",8/1/2013,1564708,
O,Realty Income Corporation,Real Estate,Retail REITs,"San Diego, California",4/7/2015,726728,
ODFL,Old Dominion Freight Line,Industrials,Trucking,"Thomasville, North Carolina",12/9/2019,878927,1934
OKE,ONEOK,Energy,Oil & Gas Storage & Transportation,"Tulsa, Oklahoma",3/15/2010,1039684,
OMC,Omnicom Group,Communication Services,Advertising,"New York, New York",,29989,1986
ORCL,Oracle Corp.,Information Technology,Application Software,"Redwood Shores, California",8/31/1989,1341439,
ORLY,O'Reilly Automotive,Consumer Discretionary,Specialty Stores,"Springfield, Missouri",3/27/2009,898173,
OXY,Occidental Petroleum,Energy,Oil & Gas Exploration & Production,"Houston, Texas",12/31/1982,797468,
PAYC,Paycom,Information Technology,Application Software,"Oklahoma City, Oklahoma",1/28/2020,1590955,1998
PAYX,Paychex Inc.,Information Technology,Data Processing & Outsourced Services,"Penfield, New York",,723531,1971
PBCT,People's United Financial,Financials,Thrifts & Mortgage Finance,"Bridgeport, Connecticut",11/13/2008,1378946,
PCAR,PACCAR Inc.,Industrials,Construction Machinery & Heavy Trucks,"Bellevue, Washington",12/31/1980,75362,
PEAK,Healthpeak Properties,Real Estate,Health Care REITs,"Long Beach, California",3/31/2008,765880,
PEG,Public Serv. Enterprise Inc.,Utilities,Electric Utilities,"Newark, New Jersey",,788784,
PEP,PepsiCo Inc.,Consumer Staples,Soft Drinks,"Purchase, New York",,77476,1898
PFE,Pfizer Inc.,Health Care,Pharmaceuticals,"New York, New York",,78003,1849
PFG,Principal Financial Group,Financials,Life & Health Insurance,"Des Moines, Iowa",7/22/2002,1126328,
PG,Procter & Gamble,Consumer Staples,Personal Products,"Cincinnati, Ohio",,80424,1837
PGR,Progressive Corp.,Financials,Property & Casualty Insurance,"Mayfield Village, Ohio",8/4/1997,80661,
PH,Parker-Hannifin,Industrials,Industrial Machinery,"Cleveland, Ohio",11/30/1985,76334,
PHM,Pulte Homes Inc.,Consumer Discretionary,Homebuilding,"Atlanta, Georgia",4/30/1984,822416,
PKG,Packaging Corporation of America,Materials,Paper Packaging,"Lake Forest, Illinois",7/26/2017,75677,
PKI,PerkinElmer,Health Care,Health Care Equipment,"Waltham, Massachusetts",5/31/1985,31791,
PLD,Prologis,Real Estate,Industrial REITs,"San Francisco, California",7/17/2003,1045609,
PM,Philip Morris International,Consumer Staples,Tobacco,"New York, New York",3/31/2008,1413329,
PNC,PNC Financial Services,Financials,Regional Banks,"Pittsburgh, Pennsylvania",4/30/1988,713676,
PNR,Pentair plc,Industrials,Industrial Machinery,"Worsley, UK",10/1/2012,77360,
PNW,Pinnacle West Capital,Utilities,Multi-Utilities,"Phoenix, Arizona",,764622,1985
PPG,PPG Industries,Materials,Specialty Chemicals,"Pittsburgh, Pennsylvania",,79879,1883
PPL,PPL Corp.,Utilities,Electric Utilities,"Allentown, Pennsylvania",,922224,
PRGO,Perrigo,Health Care,Pharmaceuticals,"Dublin, Ireland",12/19/2011,1585364,
PRU,Prudential Financial,Financials,Life & Health Insurance,"Newark, New Jersey",7/22/2002,1137774,
PSA,Public Storage,Real Estate,Specialized REITs,"Glendale, California",8/19/2005,1393311,
PSX,Phillips 66,Energy,Oil & Gas Refining & Marketing,"Houston, Texas",5/1/2012,1534701,
PVH,PVH Corp.,Consumer Discretionary,"Apparel, Accessories & Luxury Goods","New York, New York",2/15/2013,78239,
PWR,Quanta Services Inc.,Industrials,Construction & Engineering,"Houston, Texas",7/1/2009,1050915,
PXD,Pioneer Natural Resources,Energy,Oil & Gas Exploration & Production,"Irving, Texas",9/24/2008,1038357,
PYPL,PayPal,Information Technology,Data Processing & Outsourced Services,"San Jose, California",7/20/2015,1633917,
QCOM,QUALCOMM Inc.,Information Technology,Semiconductors,"San Diego, California",,804328,1985
QRVO,Qorvo,Information Technology,Semiconductors,"Greensboro, North Carolina",6/11/2015,1604778,
RCL,Royal Caribbean Cruises Ltd,Consumer Discretionary,"Hotels, Resorts & Cruise Lines","Miami, Florida",12/5/2014,884887,
RE,Everest Re Group Ltd.,Financials,Reinsurance,"Hamilton, Bermuda",6/19/2017,1095073,
REG,Regency Centers Corporation,Real Estate,Retail REITs,"Jacksonville, Florida",3/2/2017,910606,
REGN,Regeneron Pharmaceuticals,Health Care,Biotechnology,"Tarrytown, New York",5/1/2013,872589,
RF,Regions Financial Corp.,Financials,Regional Banks,"Birmingham, Alabama",8/28/1998,1281761,
RHI,Robert Half International,Industrials,Human Resource & Employment Services,"Menlo Park, California",12/5/2000,315213,
RJF,Raymond James Financial Inc.,Financials,Investment Banking & Brokerage,"St. Petersburg, Florida",3/20/2017,720005,
RL,Ralph Lauren Corporation,Consumer Discretionary,"Apparel, Accessories & Luxury Goods","New York, New York",2/2/2007,1037038,
RMD,ResMed,Health Care,Health Care Equipment,"San Diego, California",7/26/2017,943819,
ROK,Rockwell Automation Inc.,Industrials,Electrical Components & Equipment,"Milwaukee, Wisconsin",,1024478,
ROL,Rollins Inc.,Industrials,Environmental & Facilities Services,"Atlanta, Georgia",10/1/2018,84839,1948
ROP,Roper Technologies,Industrials,Industrial Conglomerates,"Sarasota, Florida",12/23/2009,882835,
ROST,Ross Stores,Consumer Discretionary,Apparel Retail,"Pleasanton, California",12/21/2009,745732,
RSG,Republic Services Inc,Industrials,Environmental & Facilities Services,"Phoenix, Arizona",12/5/2008,1060391,
RTN,Raytheon Co.,Industrials,Aerospace & Defense,"Waltham, Massachusetts",,1047122,1922
SBAC,SBA Communications,Real Estate,Specialized REITs,"Boca Raton, Florida",9/1/2017,1034054,
SBUX,Starbucks Corp.,Consumer Discretionary,Restaurants,"Seattle, Washington",,829224,1971
SCHW,Charles Schwab Corporation,Financials,Investment Banking & Brokerage,"San Francisco, California",6/2/1997,316709,
SEE,Sealed Air,Materials,Paper Packaging,"Elmwood Park, New Jersey",,1012100,
SHW,Sherwin-Williams,Materials,Specialty Chemicals,"Cleveland, Ohio",6/30/1964,89800,1866
SIVB,SVB Financial,Financials,Regional Banks,"Santa Clara, California",3/19/2018,719739,
SJM,JM Smucker,Consumer Staples,Packaged Foods & Meats,"Orrville, Ohio",11/6/2008,91419,
SLB,Schlumberger Ltd.,Energy,Oil & Gas Equipment & Services,"Curaçao, Kingdom of the Netherlands",3/31/1965,87347,1926
SLG,SL Green Realty,Real Estate,Office REITs,"New York, New York",3/20/2015,1040971,
SNA,Snap-on,Industrials,Industrial Machinery,"Kenosha, Wisconsin",9/30/1982,91440,1920
SNPS,Synopsys Inc.,Information Technology,Application Software,"Mountain View, California",3/16/2017,883241,
SO,Southern Co.,Utilities,Electric Utilities,"Atlanta, Georgia",,92122,
SPG,Simon Property Group Inc,Real Estate,Retail REITs,"Indianapolis, Indiana",6/26/2002,1063761,2003
SPGI,"S&P Global, Inc.",Financials,Financial Exchanges & Data,"New York, New York",,64040,
SRE,Sempra Energy,Utilities,Multi-Utilities,"San Diego, California",,1032208,
STE,STERIS plc,Health Care,Health Care Equipment,"Dublin, Ireland",12/23/2019,1757898,1985
STT,State Street Corp.,Financials,Asset Management & Custody Banks,"Boston, Massachusetts",,93751,
STX,Seagate Technology,Information Technology,"Technology Hardware, Storage & Peripherals","Dublin, Ireland",7/2/2012,1137789,
STZ,Constellation Brands,Consumer Staples,Distillers & Vintners,"Victor, New York",7/1/2005,16918,
SWK,Stanley Black & Decker,Industrials,Industrial Machinery,"New Britain, Connecticut",9/30/1982,93556,
SWKS,Skyworks Solutions,Information Technology,Semiconductors,"Woburn, Massachusetts",3/12/2015,4127,
SYF,Synchrony Financial,Financials,Consumer Finance,"Stamford, Connecticut",11/18/2015,1601712,
SYK,Stryker Corp.,Health Care,Health Care Equipment,"Kalamazoo, Michigan",12/12/2000,310764,
SYY,Sysco Corp.,Consumer Staples,Food Distributors,"Houston, Texas",12/31/1986,96021,
T,AT&T Inc.,Communication Services,Integrated Telecommunication Services,"Dallas, Texas",1983-11-30 (1957-03-04),732717,1983 (1885)
TAP,Molson Coors Brewing Company,Consumer Staples,Brewers,"Denver, Colorado",6/30/1976,24545,
TDG,TransDigm Group,Industrials,Aerospace & Defense,"Cleveland, Ohio",6/3/2016,1260221,
TEL,TE Connectivity Ltd.,Information Technology,Electronic Manufacturing Services,"Schaffhausen, Switzerland",10/17/2011,1385157,
TFC,Truist Financial,Financials,Regional Banks,"Charlotte, North Carolina",12/4/1997,92230,
TFX,Teleflex,Health Care,Health Care Equipment,"Wayne, Pennsylvania",1/18/2019,96943,1943
TGT,Target Corp.,Consumer Discretionary,General Merchandise Stores,"Minneapolis, Minnesota",12/31/1976,27419,
TIF,Tiffany & Co.,Consumer Discretionary,"Apparel, Accessories & Luxury Goods","New York, New York",6/21/2000,98246,
TJX,TJX Companies Inc.,Consumer Discretionary,Apparel Retail,"Framingham, Massachusetts",9/30/1985,109198,
TMO,Thermo Fisher Scientific,Health Care,Life Sciences Tools & Services,"Waltham, Massachusetts",,97745,2006 (1902)
TMUS,T-Mobile US,Communication Services,Wireless Telecommunication Services,"Bellevue, Washington",7/15/2019,1283699,1994
TPR,"Tapestry, Inc.",Consumer Discretionary,"Apparel, Accessories & Luxury Goods","New York, New York",,1116132,2017
TROW,T. Rowe Price Group,Financials,Asset Management & Custody Banks,"Baltimore, Maryland",,1113169,1937
TRV,The Travelers Companies Inc.,Financials,Property & Casualty Insurance,"New York, New York",8/21/2002,86312,
TSCO,Tractor Supply Company,Consumer Discretionary,Specialty Stores,"Brentwood, Tennessee",1/24/2014,916365,
TSN,Tyson Foods,Consumer Staples,Packaged Foods & Meats,"Springdale, Arkansas",,100493,
TTWO,Take-Two Interactive,Communication Services,Interactive Home Entertainment,"New York, New York",3/19/2018,946581,
TWTR,"Twitter, Inc.",Communication Services,Interactive Media & Services,"San Francisco, California",6/7/2018,1418091,
TXN,Texas Instruments,Information Technology,Semiconductors,"Dallas, Texas",,97476,1930
TXT,Textron Inc.,Industrials,Aerospace & Defense,"Providence, Rhode Island",12/31/1978,217346,
UA,Under Armour Class C,Consumer Discretionary,"Apparel, Accessories & Luxury Goods","Baltimore, Maryland",5/1/2014,1336917,
UAA,Under Armour Class A,Consumer Discretionary,"Apparel, Accessories & Luxury Goods","Baltimore, Maryland",3/25/2016,1336917,
UAL,United Airlines Holdings,Industrials,Airlines,"Chicago, Illinois",9/3/2015,100517,
UDR,"UDR, Inc.",Real Estate,Residential REITs,"Highlands Ranch, Colorado",3/7/2016,74208,
UHS,"Universal Health Services, Inc.",Health Care,Health Care Facilities,"King of Prussia, Pennsylvania",9/20/2014,352915,
ULTA,Ulta Beauty,Consumer Discretionary,Specialty Stores,"Bolingbrook, Illinois",4/18/2016,1403568,
UNH,United Health Group Inc.,Health Care,Managed Health Care,"Minnetonka, Minnesota",7/1/1994,731766,
UNM,Unum Group,Financials,Life & Health Insurance,"Chattanooga, Tennessee",3/1/1994,5513,
UNP,Union Pacific Corp,Industrials,Railroads,"Omaha, Nebraska",,100885,
UPS,United Parcel Service,Industrials,Air Freight & Logistics,"Atlanta, Georgia",7/22/2002,1090727,
URI,"United Rentals, Inc.",Industrials,Trading Companies & Distributors,"Stamford, Connecticut",9/20/2014,1067701,
USB,U.S. Bancorp,Financials,Diversified Banks,"Minneapolis, Minnesota",,36104,1968
UTX,United Technologies,Industrials,Aerospace & Defense,"Hartford, Connecticut",,101829,
V,Visa Inc.,Information Technology,Data Processing & Outsourced Services,"San Francisco, California",12/21/2009,1403161,
VAR,Varian Medical Systems,Health Care,Health Care Equipment,"Palo Alto, California",2/12/2007,203527,
VFC,V.F. Corp.,Consumer Discretionary,"Apparel, Accessories & Luxury Goods","Greensboro, North Carolina",6/30/1979,103379,
VIAC,ViacomCBS,Communication Services,Movies & Entertainment,"New York, New York",,1339947,
VLO,Valero Energy,Energy,Oil & Gas Refining & Marketing,"San Antonio, Texas",,1035002,1980
VMC,Vulcan Materials,Materials,Construction Materials,"Birmingham, Alabama",6/30/1999,1396009,
VNO,Vornado Realty Trust,Real Estate,Office REITs,"New York, New York",,899689,
VRSK,Verisk Analytics,Industrials,Research & Consulting Services,"Jersey City, New Jersey",10/8/2015,1442145,
VRSN,Verisign Inc.,Information Technology,Internet Services & Infrastructure,"Dulles, Virginia",2/1/2006,1014473,
VRTX,Vertex Pharmaceuticals Inc,Health Care,Biotechnology,"Cambridge, Massachusetts",9/23/2013,875320,
VTR,Ventas Inc,Real Estate,Health Care REITs,"Chicago, Illinois",3/4/2009,740260,
VZ,Verizon Communications,Communication Services,Integrated Telecommunication Services,"New York, New York",11/30/1983,732712,
WAB,Wabtec Corporation,Industrials,Construction Machinery & Heavy Trucks,"Wilmerding, Pennsylvania",2/27/2019,943452,1999 (1869)
WAT,Waters Corporation,Health Care,Health Care Distributors,"Milford, Massachusetts",,1000697,1958
WBA,Walgreens Boots Alliance,Consumer Staples,Drug Retail,"Deerfield, Illinois",12/31/1979,1618921,
WDC,Western Digital,Information Technology,"Technology Hardware, Storage & Peripherals","Irvine, California",7/1/2009,106040,
WEC,Wec Energy Group Inc,Utilities,Electric Utilities,"Milwaukee, Wisconsin",10/31/2008,783325,
WELL,Welltower Inc.,Real Estate,Health Care REITs,"Toledo, Ohio",1/30/2009,766704,
WFC,Wells Fargo,Financials,Diversified Banks,"San Francisco, California",6/30/1976,72971,
WHR,Whirlpool Corp.,Consumer Discretionary,Household Appliances,"Benton Harbor, Michigan",,106640,1911
WLTW,Willis Towers Watson,Financials,Insurance Brokers,"London, United Kingdom",1/5/2016,1140536,
WM,Waste Management Inc.,Industrials,Environmental & Facilities Services,"Houston, Texas",,823768,1968
WMB,Williams Cos.,Energy,Oil & Gas Storage & Transportation,"Tulsa, Oklahoma",3/31/1975,107263,
WMT,Walmart,Consumer Staples,Hypermarkets & Super Centers,"Bentonville, Arkansas",8/31/1982,104169,
WRB,W. R. Berkley Corporation,Financials,Property & Casualty Insurance,"Greenwich, Connecticut",12/5/2019,11544,1967
WRK,WestRock,Materials,Paper Packaging,"Richmond, Virginia",,1636023,
WU,Western Union Co,Information Technology,Data Processing & Outsourced Services,"Englewood, Colorado",,1365135,1851
WY,Weyerhaeuser,Real Estate,Specialized REITs,"Federal Way, Washington",,106535,
WYNN,Wynn Resorts Ltd,Consumer Discretionary,Casinos & Gaming,"Paradise, Nevada",11/14/2008,1174922,
XEC,Cimarex Energy,Energy,Oil & Gas Exploration & Production,"Denver, Colorado",6/21/2014,1168054,
XEL,Xcel Energy Inc,Utilities,Multi-Utilities,"Minneapolis, Minnesota",,72903,1909
XLNX,Xilinx,Information Technology,Semiconductors,"San Jose, California",11/8/1999,743988,
XOM,Exxon Mobil Corp.,Energy,Integrated Oil & Gas,"Irving, Texas",,34088,1999
XRAY,Dentsply Sirona,Health Care,Health Care Supplies,"York, Pennsylvania",11/14/2008,818479,
XRX,Xerox,Information Technology,"Technology Hardware, Storage & Peripherals","Norwalk, Connecticut",,108772,1906
XYL,Xylem Inc.,Industrials,Industrial Machinery,"White Plains, New York",11/1/2011,1524472,
YUM,Yum! Brands Inc,Consumer Discretionary,Restaurants,"Louisville, Kentucky",10/6/1997,1041061,
ZBH,Zimmer Biomet Holdings,Health Care,Health Care Equipment,"Warsaw, Indiana",8/7/2001,1136869,
ZBRA,Zebra Technologies,Information Technology,Electronic Equipment & Instruments,"Lincolnshire, Illinois",12/23/2019,877212,1969
ZION,Zions Bancorp,Financials,Regional Banks,"Salt Lake City, Utah",6/22/2001,109380,
ZTS,Zoetis,Health Care,Pharmaceuticals,"Florham Park, New Jersey",6/21/2013,1555280,
